,First Name,Last Name,DOB,Gender,Selected Race,Guardian First,Guardian Last,Street,City,State,Zip,SCHOOL_ID
0,Ronnie,WILLIAMS,1999-01-10,Boy,Black,MAX,COLEMAN,4551 Bicetown Road,Oopstown,ST,10016.0,0
1,Aria,BABCOCK,2004-04-29,Girl,White,BRAD,BABCOCK,3596 Stone Lane,Oopstown,ST,19464.0,1
2,Josiah,HECK,2010-11-08,Boy,White,LESLIE,HECK,4771 Poplar Lane,Oopstown,ST,33131.0,2
3,Paityn,COMPEAN,2000-01-03,Girl,Hispanic,CLEO,COMPEAN,4795 Beechwood Drive,Oopstown,ST,21076.0,3
4,Grace,KOCH,2004-10-03,Girl,White,PEDRO,KOCH,259 Stewart Street,Oopstown,ST,46202.0,4
5,Scarlett,EBERT,2000-10-13,Girl,White,DEAN,EBERT,4117 Oak Avenue,Oopstown,ST,60015.0,5
6,Frankie,YEUNG,2008-05-21,Boy,AAPI,TERRANCE,YEUNG,129 Forest Drive,Oopstown,ST,20200.0,6
7,Addison,LARSON,2001-12-22,Girl,White,LIDIA,LARSON,1673 Glen Falls Road,Oopstown,ST,19090.0,7
8,Duncan,MUHAMMAD,2001-04-27,Boy,Black,TESSA,MUHAMMAD,634 Dogwood Road,Oopstown,ST,85034.0,8
9,Oliver,ROSEN,2000-07-31,Boy,White,DOROTHEA,ROSEN,1256 Quarry Drive,Oopstown,ST,36351.0,9
10,Kohen,XU,1999-12-01,Boy,AAPI,HALLIE,XU,3355 Williams Lane,Oopstown,ST,67216.0,10
11,Ellie,SKAGGS,2006-03-26,Girl,White,PAIGE,SKAGGS,350 Tea Berry Lane,Oopstown,ST,54016.0,11
12,Harley,VILLATORO,2002-06-14,Boy,Hispanic,SUSANA,VILLATORO,2567 Alpha Avenue,Oopstown,ST,75662.0,12
13,Rohan,VAZQUEZ,1999-10-26,Boy,Hispanic,DUSTIN,VELAZQUEZ,1294 Williams Avenue,Oopstown,ST,93550.0,13
14,Maximo,TSAO,2008-09-10,Boy,AAPI,GILDA,ZHANG,3073 Pineview Drive,Oopstown,ST,55904.0,14
15,Erica,GONZALEZ,2007-12-15,Girl,Hispanic,DAN,OCHOA,651 Adonais Way,Oopstown,ST,30071.0,15
16,Gavin,WILHELM,2005-06-04,Boy,White,GLENNA,WILHELM,3129 Horner Street,Oopstown,ST,44307.0,16
17,Emerson,BRENNER,1998-10-02,Girl,White,GABRIELLE,BRENNER,1823 Daffodil Lane,Oopstown,ST,22070.0,17
18,Pyper,BYUN,2002-03-09,Girl,AAPI,WENDI,BYUN,2555 Bird Spring Lane,Oopstown,ST,77053.0,18
19,Javion,SINGLETON,1998-08-24,Boy,Black,ILA,SINGLETON,3452 Ashmor Drive,Oopstown,ST,58102.0,19
20,Daniel,ROTH,1999-01-23,Boy,White,ZACHARY,ROTH,4635 Crestview Terrace,Oopstown,ST,78840.0,20
21,Roselyn,BATTLE,2010-09-01,Girl,Black,FERNANDO,BANKS,1550 James Street,Oopstown,ST,14895.0,21
22,Ella,FREY,2008-08-05,Girl,White,PETRA,WEINER,437 Hickory Street,Oopstown,ST,84104.0,22
23,Jaylin,QUACH,2010-03-21,Girl,AAPI,ALFREDA,YI,1902 Fowler Avenue,Oopstown,ST,47374.0,23
24,Vanessa,BAUGHMAN,2007-03-25,Girl,White,GEORGINA,BAUGHMAN,2880 Tyler Avenue,Oopstown,ST,33128.0,24
25,Aubrey,CORCORAN,2004-12-23,Girl,White,CLAUDETTE,CORCORAN,604 Bingamon Road,Oopstown,ST,44141.0,25
26,Jasiah,GONZALEZ,2010-10-13,Boy,Hispanic,MILLIE,GONZALEZ,609 Heather Sees Way,Oopstown,ST,74401.0,26
27,Ameer,LIM,2009-05-22,Boy,AAPI,CATHRYN,DUONG,3013 Kovar Road,Oopstown,ST,1748.0,27
28,Timothy,WERNER,2004-12-23,Boy,White,BARBRA,WERNER,4110 Huntz Lane,Oopstown,ST,1862.0,28
29,Benjamin,GOLDSTEIN,1999-06-19,Boy,White,ESPERANZA,YEAGER,763 Rocket Drive,Oopstown,ST,55417.0,29
30,Ellie,HANSEN,2007-09-07,Girl,White,SUSANNE,SILVERMAN,4839 South Street,Oopstown,ST,22903.0,30
31,Case,BAUMAN,2010-03-28,Boy,White,KIRSTEN,BAUMAN,1889 Freed Drive,Oopstown,ST,95249.0,31
32,Liliana,BAUMAN,2004-09-24,Girl,White,SHARRON,BAUMAN,4276 Frank Avenue,Oopstown,ST,1103.0,32
33,Santiago,HANSEN,2007-03-12,Boy,White,LEA,HANSEN,2347 Nicholas Street,Oopstown,ST,66606.0,33
34,Penelope,WHALEN,2008-08-09,Girl,White,JUSTINE,WHALEN,3386 Joseph Street,Oopstown,ST,53226.0,34
35,Lucca,GONZALEZ,2004-12-08,Boy,Hispanic,DEBORA,GONZALEZ,889 Wines Lane,Oopstown,ST,77028.0,35
36,Lewis,MAGANA,2001-08-25,Boy,Hispanic,CLARICE,MAGANA,1671 Bluff Street,Oopstown,ST,21740.0,36
37,Javier,ODONNELL-REGAN,1998-01-22,Boy,White,WINNIE,ODONNELL-REGAN,2998 Woodland Terrace,Oopstown,ST,95814.0,37
38,Michael,HAMMER-SCHULTE,2005-01-19,Boy,White,CECIL,HAMMER-SCHULTE,2246 Roosevelt Wilson Lane,Oopstown,ST,91765.0,38
39,Eleanor,GUSTAFSON,2008-11-05,Girl,White,PAIGE,GUSTAFSON,1521 Metz Lane,Oopstown,ST,1730.0,39
40,Aiyana,KORNEGAY,2005-09-01,Girl,Black,MARGERY,JACKSON,1302 Spruce Drive,Oopstown,ST,15090.0,40
41,Cayson,OROZCO,2000-12-20,Boy,Hispanic,DERRICK,OROZCO,988 Cambridge Court,Oopstown,ST,72901.0,41
42,Camilla,FRITZ,2007-07-20,Girl,White,AVA,FRITZ,2429 Terra Cotta Street,Oopstown,ST,56464.0,42
43,Madelyn,TUTTLE,2000-12-03,Girl,White,ZACHARY,TUTTLE,3259 Whispering Pines Circle,Oopstown,ST,75287.0,43
44,Gerald,WILLIAMS,2009-07-01,Boy,Black,LAKEISHA,WILLIAMS,3002 Mcwhorter Road,Oopstown,ST,39201.0,44
45,Remi,ROBLEDO,2002-02-23,Girl,Hispanic,DAPHNE,ROBLEDO,1579 Coburn Hollow Road,Oopstown,ST,61755.0,45
46,Cooper,STEINER,2001-11-04,Boy,White,WINNIE,STEINER,261 Kildeer Drive,Oopstown,ST,45769.0,46
47,Charley,ERICKSON,2007-08-09,Girl,White,RENE,LUDWIG,1011 Broadway Street,Oopstown,ST,29461.0,47
48,Marjorie,RAMIREZ,1998-01-09,Girl,Hispanic,ISABELLE,ROJAS,2944 Hiney Road,Oopstown,ST,89102.0,48
49,Roland,RAMIREZ,2007-02-17,Boy,Hispanic,LILLY,RAMIREZ,2586 Carson Street,Oopstown,ST,45202.0,49
50,Olivia,ROTH,1999-02-01,Girl,White,LATISHA,ROTH,2007 Grim Avenue,Oopstown,ST,92101.0,50
51,Rex,CERDA,2004-05-20,Boy,Hispanic,ELMER,CERDA,3479 Turkey Pen Lane,Oopstown,ST,36104.0,51
52,Clinton,MISHRA,2009-09-15,Boy,AAPI,ROSS,MISHRA,415 Clair Street,Oopstown,ST,76628.0,52
53,Eric,OLSEN,2007-03-08,Boy,White,CLEO,OLSEN,533 Marigold Lane,Oopstown,ST,33069.0,53
54,Renata,GONZALEZ,2004-01-22,Girl,Hispanic,ANGELINE,GONZALEZ,2851 Jarvis Street,Oopstown,ST,14211.0,54
55,Connor,WEINSTEIN,2000-01-31,Boy,White,CATALINA,WEINSTEIN,1770 Hilltop Drive,Oopstown,ST,79542.0,55
56,Emmaline,DANTZLER,2001-10-15,Girl,Black,BYRON,WILLIAMS,434 Jarvisville Road,Oopstown,ST,11050.0,56
57,Chevy,JEFFERSON,2010-11-09,Boy,Black,HUGH,TOOMER,2221 Southern Avenue,Oopstown,ST,50103.0,57
58,Sutton,COBBS,2006-04-01,Girl,Black,NADIA,COBBS,885 Eagle Lane,Oopstown,ST,58203.0,58
59,Logan,WHALEN,2005-04-20,Boy,White,SYBIL,HAAS,2121 Skips Lane,Oopstown,ST,85034.0,59
60,Jocelyn,SCHULTZ,2006-05-30,Girl,White,CLAUDETTE,SCHULTZ,4466 Turkey Pen Road,Oopstown,ST,10038.0,60
61,Clara,HARTMAN,2007-06-15,Girl,White,MORGAN,HARTMAN,70 Cherry Camp Road,Oopstown,ST,60148.0,61
62,Anders,BANUELOS,2009-01-24,Boy,Hispanic,BETTE,BANUELOS,3681 Werninger Street,Oopstown,ST,77032.0,62
63,Sarah,KAISER,1999-08-12,Girl,White,LILY,KAISER,3646 Green Avenue,Oopstown,ST,95113.0,63
64,Azaria,TAO,2007-03-17,Girl,AAPI,SALVADOR,KHUU,2630 Mount Street,Oopstown,ST,48607.0,64
65,Claire,MCKENNA,2000-02-03,Girl,White,THERESE,MCKENNA,2934 Fraggle Drive,Oopstown,ST,60540.0,65
66,Kylie,CRONIN,2010-02-16,Girl,White,EARLINE,CRONIN,1522 Bagwell Avenue,Oopstown,ST,34471.0,66
67,Brent,WASHINGTON,2005-01-24,Boy,Black,CHASITY,WASHINGTON,4899 School House Road,Oopstown,ST,39356.0,67
68,Elliot,WILLIAMS,2002-09-09,Girl,Black,KENYA,WILLIAMS,4127 Crummit Lane,Oopstown,ST,68137.0,68
69,Giovani,ROBINSON,2006-10-15,Boy,Black,LONNIE,HOLLINS,2379 Weekley Street,Oopstown,ST,78217.0,69
70,Amani,ESPINOZA,2006-12-25,Girl,Hispanic,NELL,ESPINOZA,1001 American Drive,Oopstown,ST,8096.0,70
71,Clinton,HUYNH,2010-06-27,Boy,AAPI,LYNNETTE,LUU,1024 New York Avenue,Oopstown,ST,90071.0,71
72,Jeremiah,MACDONALD,2003-02-14,Boy,White,KIRSTEN,MACDONALD,555 Thomas Street,Oopstown,ST,60048.0,72
73,Emma,YOST,2005-05-07,Girl,White,RHODA,YOST,2540 Ottis Street,Oopstown,ST,74854.0,73
74,Hunter,MEYER,2000-11-11,Boy,White,STEFANIE,MEYER,2442 Emeral Dreams Drive,Oopstown,ST,60005.0,74
75,Harper,GONZALEZ,2005-04-19,Boy,Hispanic,LIZZIE,GONZALEZ,2557 Stark Hollow Road,Oopstown,ST,81424.0,75
76,Zachary,PEDERSON,1998-09-20,Boy,White,JOLENE,PEDERSON,2474 Pin Oak Drive,Oopstown,ST,92705.0,76
77,Emmalynn,ARMSTEAD,2005-12-05,Girl,Black,MATHEW,ARMSTEAD,2430 Rollins Road,Oopstown,ST,68801.0,77
78,Randall,OGLETREE,1998-12-24,Boy,Black,BOB,OGLETREE,1940 Walnut Street,Oopstown,ST,39401.0,78
79,Asher,NAGY,1998-09-11,Boy,White,PETRA,NAGY,1584 Bel Meadow Drive,Oopstown,ST,90017.0,79
80,Rey,WILLIAMS,2007-01-30,Boy,Black,REVA,WILLIAMS,2659 Farland Street,Oopstown,ST,60154.0,80
81,Logan,RUSSO,2006-04-12,Boy,White,MARTINA,RUSSO,971 Irving Place,Oopstown,ST,63069.0,81
82,Madyson,PANTOJA,2006-12-28,Girl,Hispanic,ELMA,PANTOJA,4166 Columbia Boulevard,Oopstown,ST,21215.0,82
83,Madison,SHAFFER,1999-11-23,Girl,White,MEAGAN,SHAFFER,915 Benson Park Drive,Oopstown,ST,73109.0,83
84,Shiloh,JIMENEZ,2005-08-05,Girl,Hispanic,SIMONE,JIMENEZ,2975 Palmer Road,Oopstown,ST,43017.0,84
85,Izabella,SNYDER,2004-10-11,Girl,White,FRANKIE,SNYDER,4717 Khale Street,Oopstown,ST,29488.0,85
86,Camden,TROYER,1999-02-20,Boy,White,GENE,TROYER,656 Grove Avenue,Oopstown,ST,73521.0,86
87,Gustavo,RUSSO,2007-01-17,Boy,White,PATRICA,RUSSO,3067 Edsel Road,Oopstown,ST,91504.0,87
88,Emily,LARSON,2009-11-06,Girl,White,KIRSTEN,LARSON,3280 Irish Lane,Oopstown,ST,53532.0,88
89,Ayden,WEBER,2000-02-07,Boy,White,BARBRA,WEBER,583 Cemetery Street,Oopstown,ST,77098.0,89
90,Samson,GALAVIZ,2003-04-28,Boy,Hispanic,JODIE,VALTIERRA,1110 Davisson Street,Oopstown,ST,46120.0,90
91,Bryanna,FRAUSTO,2000-11-27,Girl,Hispanic,MARISOL,FRAUSTO,2396 Byrd Lane,Oopstown,ST,87020.0,91
92,Karlie,SMALLS,2007-03-14,Girl,Black,NOEMI,WILLIAMS,1877 Bloomfield Way,Oopstown,ST,4261.0,92
93,Aubrey,MAYER,1999-12-29,Girl,White,LUISA,SCHROEDER,1445 Scenic Way,Oopstown,ST,61813.0,93
94,Mohammed,HEALY,1999-11-13,Boy,White,LETHA,HEALY,1144 Eagle Drive,Oopstown,ST,48183.0,94
95,Scarlette,LEUNG,2004-12-02,Girl,AAPI,HALLIE,HO,2962 Berry Street,Oopstown,ST,81149.0,95
96,Boden,MOHAMMAD,1999-04-20,Boy,Other,ENRIQUE,MOHAMMAD,719 Raintree Boulevard,Oopstown,ST,55415.0,96
97,Braden,SCHERER,2005-01-15,Boy,White,MAURICE,HANSEN,4926 Broadcast Drive,Oopstown,ST,20005.0,97
98,Sandra,WASHINGTON,2007-05-12,Girl,Black,MADGE,WASHINGTON,2730 Shinn Street,Oopstown,ST,10004.0,98
99,Adrien,ROBINSON,2008-07-29,Boy,Black,JORDAN,ROBINSON,561 Owen Lane,Oopstown,ST,44503.0,99
100,Arianna,BURDICK,2001-11-22,Girl,White,ELMA,BURDICK,4238 Tyler Avenue,Oopstown,ST,33040.0,100
101,Isabelle,BRENNAN,2004-05-15,Girl,White,RUBEN,LUND,4098 Station Street,Oopstown,ST,78756.0,101
102,Rylen,ALI,1998-11-15,Boy,Other,ELBA,OMAR,174 George Avenue,Oopstown,ST,36693.0,102
103,Samson,BARAJAS,1998-07-27,Boy,Hispanic,CATHLEEN,BARAJAS,966 Mount Olive Road,Oopstown,ST,30328.0,103
104,Eleanor,NEFF,2006-02-09,Girl,White,SOCORRO,NEFF,744 Romrog Way,Oopstown,ST,69150.0,104
105,Clinton,NGUY,1998-05-08,Boy,AAPI,VIRGIL,NGUY,3389 Shobe Lane,Oopstown,ST,80654.0,105
106,Myah,NAJERA,2002-07-18,Girl,Hispanic,MARGRET,NAJERA,2846 Public Works Drive,Oopstown,ST,37385.0,106
107,Naomi,LUTZ,2002-09-21,Girl,White,JAMI,BAUMAN,2470 Caynor Circle,Oopstown,ST,7477.0,107
108,Wren,VAZQUEZ,1999-03-19,Girl,Hispanic,BETTE,VAZQUEZ,4256 Thunder Road,Oopstown,ST,94301.0,108
109,Brooklyn,REILLY,2005-06-29,Girl,White,NOLA,REILLY,1039 Glory Road,Oopstown,ST,37040.0,109
110,Ayden,METZ,2005-10-24,Boy,White,MEAGAN,GRAFF,4123 Snyder Avenue,Oopstown,ST,28210.0,110
111,Sadie,HOFFMANN,2008-09-17,Girl,White,ROSETTA,HOFFMANN,3750 Woodland Avenue,Oopstown,ST,70112.0,111
112,Harry,JIMENEZ,2007-03-14,Boy,Hispanic,JOCELYN,ARREDONDO,1526 Derek Drive,Oopstown,ST,44663.0,112
113,Kaeden,JACKSON,2007-08-09,Boy,Black,CLARISSA,JACKSON,884 Boundary Street,Oopstown,ST,32207.0,113
114,Paloma,CHARLESTON,2002-01-30,Girl,Black,ODESSA,MCCRAY,3403 West Side Avenue,Oopstown,ST,7042.0,114
115,Dylan,SCHNEIDER,2004-11-20,Boy,White,KATHARINE,SCHNEIDER,119 Oakwood Circle,Oopstown,ST,92614.0,115
116,Ashton,MCNAMARA,2002-05-31,Boy,White,ARNOLD,MCNAMARA,675 Boring Lane,Oopstown,ST,94108.0,116
117,Van,HEARD,1998-04-30,Boy,Black,SASHA,HEARD,3732 Hannah Street,Oopstown,ST,28655.0,117
118,Julianne,WILLIAMS,2003-07-10,Girl,Black,COLETTE,WILLIAMS,4822 Jim Rosa Lane,Oopstown,ST,94143.0,118
119,Dakota,MAGUIRE,2002-12-23,Girl,White,KEISHA,MAGUIRE,4017 Concord Street,Oopstown,ST,28090.0,119
120,Elliott,KRAUS,2001-01-20,Boy,White,PEDRO,KRAUS,1025 Musgrave Street,Oopstown,ST,73102.0,120
121,Bodhi,PALACIOS,2009-07-18,Boy,Hispanic,GRACIE,PALACIOS,414 Hanover Street,Oopstown,ST,11530.0,121
122,Julie,WAHL,2008-06-02,Girl,White,ANGELINE,SCHMIDT,483 Village View Drive,Oopstown,ST,33912.0,122
123,Ares,WILLIAMS,2001-05-27,Boy,Black,ARLINE,WILLIAMS,604 Bingamon Road,Oopstown,ST,44141.0,123
124,Moises,WEBER,2001-04-16,Boy,White,FRANKIE,WEBER,2897 Kelly Drive,Oopstown,ST,26301.0,124
125,Ximena,LARSEN-HEATON,2007-11-20,Girl,White,MIA,LARSEN-HEATON,388 Whitetail Lane,Oopstown,ST,75253.0,125
126,Camden,CARLSON,2005-10-21,Boy,White,ELMA,CARLSON,4145 Hillcrest Lane,Oopstown,ST,92660.0,126
127,Scarlette,PATEL,2005-06-07,Girl,AAPI,AUGUSTA,LU,4340 Ottis Street,Oopstown,ST,73109.0,127
128,Ryland,SHOEMAKER,1998-10-28,Boy,White,CATHLEEN,WALSH,4097 Kelly Street,Oopstown,ST,28263.0,128
129,Sonia,BAE,2000-03-16,Girl,AAPI,MILLICENT,KIM,1474 Ryder Avenue,Oopstown,ST,98109.0,129
130,Miya,JACKSON,2005-07-18,Girl,Black,TED,JACKSON,4572 Hillcrest Lane,Oopstown,ST,92664.0,130
131,Tripp,RENTERIA-GONZALEZ,1998-04-01,Boy,Hispanic,CHRISTI,RENTERIA-GONZALEZ,4226 Moore Avenue,Oopstown,ST,76104.0,131
132,Amos,GONZALEZ,2001-09-20,Boy,Hispanic,BEN,GONZALEZ,753 Randolph Street,Oopstown,ST,1501.0,132
133,Maverick,FREY,2002-06-21,Boy,White,VERNON,SORENSON,3838 Sycamore Street,Oopstown,ST,95054.0,133
134,Celine,MONTESDEOCA,2008-12-08,Girl,Hispanic,RAFAEL,HERNANDEZ,1771 Callison Lane,Oopstown,ST,19108.0,134
135,Cameron,ACKERMAN,2000-11-15,Boy,White,RACHELLE,CONKLIN,116 Poplar Street,Oopstown,ST,60061.0,135
136,Easton,JACOBSON,2005-07-04,Boy,White,LUPE,CHRISTENSEN,1809 Riverside Drive,Oopstown,ST,30741.0,136
137,Rex,ROSAS,2002-08-03,Boy,Hispanic,PEDRO,ROSAS,3667 Bartlett Avenue,Oopstown,ST,48083.0,137
138,Hadleigh,CALLOWAY,2000-04-05,Girl,Black,CHRYSTAL,CALLOWAY,2041 Oak Avenue,Oopstown,ST,60007.0,138
139,Payton,ESTEP,2009-03-14,Girl,White,BRAD,ESTEP,759 Fort Street,Oopstown,ST,28562.0,139
140,Khalil,GILLILAND,2009-07-22,Boy,White,ZACHARY,GILLILAND,1716 Timbercrest Road,Oopstown,ST,99743.0,140
141,Madelyn,KRAUSE,2002-02-23,Girl,White,RACHELLE,KRAUSE,2749 Wescam Court,Oopstown,ST,89408.0,141
142,Hank,OCHOA,1999-06-26,Boy,Hispanic,ELMA,OCHOA,260 Quiet Valley Lane,Oopstown,ST,91403.0,142
143,Mohammad,SALGADO,2004-09-11,Boy,Hispanic,HELENA,SALGADO,537 Jewell Road,Oopstown,ST,55402.0,143
144,Hope,FUNK,2003-01-13,Girl,White,LORIE,BERG,4466 Callison Lane,Oopstown,ST,97205.0,144
145,Jazlynn,MACIAS,2005-10-30,Girl,Hispanic,WESLEY,MANCILLAS,4016 Hickory Ridge Drive,Oopstown,ST,89109.0,145
146,Jonah,OCONNELL,2003-08-08,Boy,White,CORNELIA,OCONNELL,214 Rhapsody Street,Oopstown,ST,32757.0,146
147,Evelyn,SKAGGS,2003-09-18,Girl,White,LUISA,SKAGGS,4996 Yorkie Lane,Oopstown,ST,31501.0,147
148,Gino,KIM,2004-12-09,Boy,AAPI,ENID,SHEN,1556 Eagles Nest Drive,Oopstown,ST,95814.0,148
149,Thomas,KRUSE,2003-01-08,Boy,White,CHANDRA,KRUSE,1909 Norman Street,Oopstown,ST,90014.0,149
150,Liam,NEFF,2008-01-13,Boy,White,LORNA,NEFF,3958 Lamberts Branch Road,Oopstown,ST,33301.0,150
151,Eleanor,KURTZ,2005-07-16,Girl,White,PEDRO,NIELSEN,4937 Half and Half Drive,Oopstown,ST,93721.0,151
152,Carly,BAUER,2008-06-03,Girl,White,MIA,BAUER,1584 Bel Meadow Drive,Oopstown,ST,90017.0,152
153,Jocelynn,PHAN,2005-12-22,Girl,AAPI,CHRISTIAN,VO,2673 Tavern Place,Oopstown,ST,80205.0,153
154,Anahi,AVALOS,2001-06-17,Girl,Hispanic,CLAUDETTE,AVALOS,3204 White River Way,Oopstown,ST,84104.0,154
155,Jack,SCHAEFFER,2004-09-02,Boy,White,GEORGINA,SCHAEFFER,2013 Steele Street,Oopstown,ST,60187.0,155
156,Elle,CLEVENGER,2001-11-17,Girl,White,FRANKIE,CLEVENGER,4854 Sundown Lane,Oopstown,ST,78659.0,156
157,Memphis,RAMIREZ,2001-06-02,Boy,Hispanic,ARNOLD,RAMIREZ,1397 Barrington Court,Oopstown,ST,72450.0,157
158,Gemma,SHAFER,2009-08-25,Girl,White,DALE,SHAFER,546 Brown Avenue,Oopstown,ST,29669.0,158
159,Finley,NIELSEN,1998-09-09,Girl,White,RAE,NIELSEN,1537 Woodland Avenue,Oopstown,ST,70171.0,159
160,Jacob,OSWALD,1999-02-12,Boy,White,STACI,OSWALD,4327 Carter Street,Oopstown,ST,62434.0,160
161,Messiah,HUBER,1999-10-24,Boy,White,LESLIE,HUBER,1730 Kessla Way,Oopstown,ST,29577.0,161
162,Cristopher,TRAN,2003-03-29,Boy,AAPI,TRACY,TRAN,213 Badger Pond Lane,Oopstown,ST,33610.0,162
163,Monroe,DABNEY,2000-07-31,Girl,Black,YESENIA,DABNEY,1094 College Street,Oopstown,ST,30030.0,163
164,Justice,WINTER-WEINSTEIN,1999-09-25,Girl,White,ISABELLE,HESS,1241 Harrison Street,Oopstown,ST,94909.0,164
165,Sophie,DANIELSON,2008-08-15,Girl,White,DOMINIQUE,DANIELSON,326 Selah Way,Oopstown,ST,5301.0,165
166,Davian,WILLIAMS,2010-01-21,Boy,Black,CLAUDINE,WILLIAMS,2397 Oak Lane,Oopstown,ST,64106.0,166
167,Alfonso,DOZIER,2008-12-24,Boy,Black,SASHA,JACKSON,4463 Lake Road,Oopstown,ST,8109.0,167
168,Omar,PFEIFFER,2000-07-23,Boy,White,ESPERANZA,PFEIFFER,2344 Emeral Dreams Drive,Oopstown,ST,60601.0,168
169,Emersyn,SHULTZ,2010-05-15,Girl,White,FAY,SWENSON,1821 Bottom Lane,Oopstown,ST,14220.0,169
170,Aiyana,AUGUSTE,2001-08-17,Girl,Black,ALEXANDRIA,AUGUSTE,3638 Patton Lane,Oopstown,ST,28202.0,170
171,Brayden,PETERSEN,2007-04-19,Boy,White,VERNON,PETERSEN,4865 Cedar Street,Oopstown,ST,72201.0,171
172,Lylah,CARDENAS,2006-09-22,Girl,Hispanic,ANGEL,CARDENAS,4991 Ocello Street,Oopstown,ST,92117.0,172
173,Olivia,JENSEN,2009-07-08,Girl,White,DEAN,JENSEN,13 Swick Hill Street,Oopstown,ST,77515.0,173
174,Gavin,TROUT,2009-02-01,Boy,White,CHRISTI,OLSON,572 Forest Avenue,Oopstown,ST,10013.0,174
175,Destiny,WINTER,2005-10-07,Girl,White,SHAUNA,WINTER,1295 Hart Country Lane,Oopstown,ST,31901.0,175
176,Scott,SCHULTE,2007-03-08,Boy,White,CATHLEEN,KAMINSKI,1713 Roguski Road,Oopstown,ST,71220.0,176
177,Nicholas,BARNHART,2010-09-09,Boy,White,JANINE,BARNHART,4114 Cottonwood Lane,Oopstown,ST,49503.0,177
178,Sadie,FUCHS,2004-08-21,Girl,White,ROSALYN,ROTH,1886 Fowler Avenue,Oopstown,ST,30071.0,178
179,Marisol,WILLIAMS,2001-08-27,Girl,Black,LENORE,WILLIAMS,3127 Deercove Drive,Oopstown,ST,75142.0,179
180,Amani,VAZQUEZ,2000-10-13,Girl,Hispanic,IMOGENE,URENA,510 Dola Mine Road,Oopstown,ST,27703.0,180
181,Priscilla,PELLETIER-HUMMEL,2005-03-10,Girl,White,LEOLA,GALLAGHER,4977 Jenna Lane,Oopstown,ST,45245.0,181
182,Briley,WILLIAMS,2005-07-19,Girl,Black,KURT,WILLIAMS,4131 Ritter Avenue,Oopstown,ST,48075.0,182
183,Aliya,WILLIAMS-SINGLETARY,2003-06-15,Girl,Black,LORRIE,WILLIAMS-SINGLETARY,1277 Cimmaron Road,Oopstown,ST,92632.0,183
184,Jairo,BOLDEN,2001-08-23,Boy,Black,ASHLEE,BOLDEN,2125 Oakway Lane,Oopstown,ST,92507.0,184
185,Aileen,SCHROEDER,2005-03-26,Girl,White,PETRA,SCHROEDER,774 Patton Lane,Oopstown,ST,27603.0,185
186,Steve,ROBINSON,2010-06-15,Boy,Black,EARLINE,ROBINSON,2455 Cody Ridge Road,Oopstown,ST,73105.0,186
187,Vanessa,BOYLE-HAMMER,2006-12-14,Girl,White,CHESTER,BOYLE-HAMMER,1440 Middleville Road,Oopstown,ST,92805.0,187
188,Arely,HUERTA-RAMIREZ,1999-01-31,Girl,Hispanic,MARISA,HUERTA-RAMIREZ,4864 Nickel Road,Oopstown,ST,90017.0,188
189,Meadow,JEANLOUIS-JOSEPH,2005-10-11,Girl,Black,MARGERY,JEANLOUIS-JOSEPH,3249 Valley Lane,Oopstown,ST,78723.0,189
190,Liberty,MEYER,2003-02-12,Girl,White,RACHELLE,MEYER,4312 Coventry Court,Oopstown,ST,39531.0,190
191,Leo,BRENNAN,2004-03-17,Boy,White,MAURICE,BRENNAN,704 Sugar Camp Road,Oopstown,ST,55402.0,191
192,Giancarlo,JACKSON,2002-09-16,Boy,Black,LIZA,JACKSON,4182 Tenmile Road,Oopstown,ST,1890.0,192
193,Nora,BLANK,2002-02-28,Girl,White,TRUDY,BLANK,2368 Roosevelt Wilson Lane,Oopstown,ST,92407.0,193
194,Roger,BARRAZA,1998-01-09,Boy,Hispanic,LEILA,BARRAZA,4226 Moore Avenue,Oopstown,ST,76104.0,194
195,Misael,WILLIAMS,2008-04-12,Boy,Black,REVA,WILLIAMS,2970 White Oak Drive,Oopstown,ST,64055.0,195
196,Holland,JEAN,2008-08-15,Girl,Black,DARCY,JEAN,4098 Station Street,Oopstown,ST,78756.0,196
197,Kimber,CASTELAN,2000-02-03,Girl,Hispanic,JANINE,CASTELAN,259 Stewart Street,Oopstown,ST,46202.0,197
198,Macey,PATEL,2004-04-12,Girl,AAPI,DEENA,PATEL,1524 Fleming Street,Oopstown,ST,36330.0,198
199,Evelyn,SCHMIDT,2009-03-28,Girl,White,CHARITY,KAISER,2320 Ella Street,Oopstown,ST,94005.0,199
200,Elijah,RASMUSSEN,2005-02-18,Boy,White,MARCY,SNYDER,1397 Adams Drive,Oopstown,ST,77002.0,200
201,Luciano,NAGY,1999-12-22,Boy,White,SUSANNE,DOHERTY,950 Still Pastures Drive,Oopstown,ST,29201.0,201
202,Stephen,SWARTZ,2003-06-23,Boy,White,TRUDY,SWARTZ,411 Park Avenue,Oopstown,ST,95814.0,202
203,Bradley,OLEARY,1999-08-19,Boy,White,RAMON,OLEARY,1281 Trails End Road,Oopstown,ST,33131.0,203
204,Atticus,SCHREIBER,2002-05-23,Boy,White,LEA,SCHREIBER,1110 Hardesty Street,Oopstown,ST,12205.0,204
205,Amelie,CONTRERAS,2005-05-01,Girl,Hispanic,OLA,CONTRERAS,1846 Wildrose Lane,Oopstown,ST,48226.0,205
206,Faith,PETERSEN,2007-06-10,Girl,White,BEN,PETERSEN,2536 Kerry Way,Oopstown,ST,90017.0,206
207,Aniya,SORENSON,2010-03-28,Girl,White,ROSARIO,KRAUS,3824 Meadowcrest Lane,Oopstown,ST,41144.0,207
208,Payton,HORVATH,1999-06-26,Girl,White,URSULA,HORVATH,4402 Green Gate Lane,Oopstown,ST,21202.0,208
209,Kole,HATCHETT,2002-09-11,Boy,Black,LOUISA,HATCHETT,1804 Sun Valley Road,Oopstown,ST,98908.0,209
210,Mackenzie,STOCK,2002-05-14,Girl,White,TAMIKA,STOCK,3281 Warner Street,Oopstown,ST,32801.0,210
211,Rosa,HERNANDEZ,2002-10-12,Girl,Hispanic,CORRINE,HERNANDEZ,4700 Washburn Street,Oopstown,ST,70805.0,211
212,Richard,JANSEN,2003-06-22,Boy,White,RAUL,JANSEN,4478 Mesa Drive,Oopstown,ST,89119.0,212
213,Avery,LEHMAN,1998-06-26,Girl,White,SHAUNA,CHRISTENSEN,1736 Hillside Street,Oopstown,ST,85251.0,213
214,Denise,ROBINSON,2007-12-22,Girl,Black,MARGERY,ROBINSON,4155 Traction Street,Oopstown,ST,29302.0,214
215,Quinn,ROTH,1999-06-02,Girl,White,ANGELIA,SCHWARZ,4269 Stroop Hill Road,Oopstown,ST,30309.0,215
216,Haley,BLANKENSHIP-DONOVAN,2002-09-10,Girl,White,NELL,BLANKENSHIP-DONOVAN,841 Glenwood Avenue,Oopstown,ST,44132.0,216
217,Virginia,CERVANTES,2007-03-23,Girl,Hispanic,GLEN,CERVANTES,4226 James Street,Oopstown,ST,14620.0,217
218,Miracle,SCHWARTZ,2008-11-15,Girl,White,DENA,SCHWARTZ,60 Lindale Avenue,Oopstown,ST,94612.0,218
219,Owen,SCHULTZ,2005-04-12,Boy,White,ABBY,RUSSO,3691 Raver Croft Drive,Oopstown,ST,37711.0,219
220,Rayan,VAZQUEZ,1999-09-12,Boy,Hispanic,WILLA,BARRAGAN,591 Tibbs Avenue,Oopstown,ST,59701.0,220
221,Zoe,DECKER,2008-12-08,Girl,White,MARGO,YODER,2127 Monroe Street,Oopstown,ST,77055.0,221
222,James,OLSEN,2009-09-16,Boy,White,LESLEY,MAGUIRE,375 Highland Drive,Oopstown,ST,54911.0,222
223,Sophia,HUMMEL,2006-02-07,Girl,White,RENE,HUMMEL,4015 Neville Street,Oopstown,ST,47274.0,223
224,Jamarion,ROBINSON,2002-04-04,Boy,Black,CATALINA,ROBINSON,4981 Kenwood Place,Oopstown,ST,33301.0,224
225,Logan,OBRIEN,2009-11-24,Boy,White,LATONYA,OBRIEN,102 Conifer Drive,Oopstown,ST,98004.0,225
226,Zion,CHIU,1999-06-25,Girl,AAPI,JULIAN,CHIU,705 Smithfield Avenue,Oopstown,ST,79088.0,226
227,Irene,HERNANDEZ,2005-05-02,Girl,Hispanic,BARBRA,HERNANDEZ,1320 Earnhardt Drive,Oopstown,ST,40205.0,227
228,Sebastian,SHULTZ,2000-08-28,Boy,White,GABRIELA,LEHMAN,3402 Zappia Drive,Oopstown,ST,40443.0,228
229,Craig,KIM,2007-09-01,Boy,AAPI,LIZ,NGUYEN,3420 Sarah Drive,Oopstown,ST,70629.0,229
230,Barbara,WILLIAMS,2002-11-15,Girl,Black,CLARISSA,WILLIAMS,755 Hall Place,Oopstown,ST,75604.0,230
231,Duke,SANTIBANEZ,2003-07-22,Boy,Hispanic,GREG,SAUCEDO,1319 Turkey Pen Lane,Oopstown,ST,36104.0,231
232,Rowan,ONEILL,2007-11-21,Girl,White,BEN,ONEILL,3073 Pineview Drive,Oopstown,ST,55904.0,232
233,Sean,ROTH,2005-02-15,Boy,White,STACI,ROTH,203 August Lane,Oopstown,ST,71101.0,233
234,Briggs,MYLES,2008-02-22,Boy,Black,LAWANDA,MYLES,801 Despard Street,Oopstown,ST,30344.0,234
235,Kingsley,COLEMAN,2007-01-12,Boy,Black,DEENA,WILLIAMS,582 Cottrill Lane,Oopstown,ST,63109.0,235
236,Josiah,MCGRATH,2008-03-20,Boy,White,CHESTER,MCGRATH,3357 Bassel Street,Oopstown,ST,70380.0,236
237,Gabriel,OLSON,1999-03-15,Boy,White,STEFANIE,DONOVAN,1153 Conference Center Way,Oopstown,ST,18614.0,237
238,Damien,SILVERMAN,2002-09-09,Boy,White,RICARDO,SILVERMAN,1749 Pooh Bear Lane,Oopstown,ST,29848.0,238
239,Abdiel,BATTLE,2009-10-20,Boy,Black,ALLYSON,GAYLE,3846 Charack Road,Oopstown,ST,47274.0,239
240,Galilea,CHAMBLISS,1999-03-20,Girl,Black,LORAINE,CHAMBLISS,3362 Maxwell Farm Road,Oopstown,ST,24555.0,240
241,Sam,BAUER,2004-09-07,Boy,White,JEWELL,STAHL,4606 Warner Street,Oopstown,ST,33166.0,241
242,Liam,OLSEN,2001-03-27,Boy,White,ELIZA,OLSEN,4016 Hickory Ridge Drive,Oopstown,ST,89109.0,242
243,Sutton,PARHAM,2001-02-21,Girl,Black,MADGE,WILLIAMS,1407 Elkview Drive,Oopstown,ST,34994.0,243
244,Bryant,GONZALEZ,2003-05-25,Boy,Hispanic,CECIL,RAMIREZ,3915 Oakridge Farm Lane,Oopstown,ST,53051.0,244
245,Layla,SCHULTZ,1999-12-31,Girl,White,GRACIELA,SCHULTZ,2401 Freedom Lane,Oopstown,ST,95340.0,245
246,Lennon,GONZALEZ-RAMIREZ,2003-08-26,Boy,Hispanic,ELISE,ARGUETA,1821 Bottom Lane,Oopstown,ST,14220.0,246
247,Addison,NAGY,2001-09-22,Girl,White,MORGAN,SCHMIDT,1534 Radford Street,Oopstown,ST,40244.0,247
248,Langston,CONTRERAS,2003-03-16,Boy,Hispanic,CLARISSA,CONTRERAS,2752 Harter Street,Oopstown,ST,45402.0,248
249,Ariadne,JOSEPH,2004-03-22,Girl,Black,JULIO,WILLIAMS,1 Green Hill Road,Oopstown,ST,72703.0,249
250,Hudson,DIETZ,2005-07-01,Boy,White,MARGO,DIETZ,4166 Columbia Boulevard,Oopstown,ST,21215.0,250
251,Charlotte,SCHULTZ,2003-01-24,Girl,White,WINNIE,SCHULTZ,4275 Neuport Lane,Oopstown,ST,30201.0,251
252,Owen,STOCK,2008-08-08,Boy,White,LUELLA,KRAFT,3129 Alpaca Way,Oopstown,ST,92686.0,252
253,Lachlan,COLEMAN,2003-09-21,Boy,Black,ROSELLA,COLEMAN,2892 Middleville Road,Oopstown,ST,91744.0,253
254,Braiden,ROUNDTREE,2002-05-23,Boy,Black,CORY,ROUNDTREE,1649 Eden Drive,Oopstown,ST,23227.0,254
255,Julian,MCKENNA,1998-05-28,Boy,White,DERRICK,MCKENNA,971 Irving Place,Oopstown,ST,63069.0,255
256,Kaylynn,GONZALEZ,2006-11-25,Girl,Hispanic,AILEEN,GONZALEZ,3562 Myra Street,Oopstown,ST,2903.0,256
257,Brooke,MCMAHON,2007-11-06,Girl,White,MARGRET,KOWALSKI,3835 Stoney Lonesome Road,Oopstown,ST,18360.0,257
258,Kolten,DIGGS,2005-04-10,Boy,Black,TESSA,WILLIAMS,2368 Olive Street,Oopstown,ST,43609.0,258
259,Anders,ESCAMILLA,2005-09-03,Boy,Hispanic,KATHARINE,ESCAMILLA,872 Windy Ridge Road,Oopstown,ST,46571.0,259
260,Aryana,PALACIOS,2009-10-14,Girl,Hispanic,JEWELL,PALACIOS,404 Quarry Drive,Oopstown,ST,36830.0,260
261,Farrah,WILLIAMS,2008-08-24,Girl,Black,JAMI,WILLIAMS,3274 Denver Avenue,Oopstown,ST,92801.0,261
262,Evelyn,FUNK,2009-08-04,Girl,White,PETRA,FUNK,661 Sunburst Drive,Oopstown,ST,33923.0,262
263,Jovanni,KIM,2000-06-05,Boy,AAPI,FLORINE,KIM,2362 Holt Street,Oopstown,ST,33463.0,263
264,Sebastian,BRENNAN,2000-02-16,Boy,White,HALEY,BRENNAN,4762 Mount Olive Road,Oopstown,ST,30076.0,264
265,Yehuda,YAZZIE,2003-10-24,Boy,Native,INES,BEGAY,1502 Kessla Way,Oopstown,ST,29577.0,265
266,Chase,SNYDER,2004-07-25,Boy,White,CALLIE,SNYDER,1131 Swick Hill Street,Oopstown,ST,77032.0,266
267,Dimitri,WILLIAMS,2001-01-02,Boy,Black,ELVIA,WILLIAMS,2604 Tree Frog Lane,Oopstown,ST,66215.0,267
268,Cristian,BOLLINGER,2008-11-24,Boy,White,RICK,BOLLINGER,1182 Delaware Avenue,Oopstown,ST,94568.0,268
269,Aidyn,CHUNG,2007-03-03,Boy,AAPI,MARION,MA,2470 Caynor Circle,Oopstown,ST,7477.0,269
270,Lincoln,SHOEMAKER,2008-11-14,Boy,White,JANETTE,SHOEMAKER,4210 Arrowood Drive,Oopstown,ST,32091.0,270
271,Sierra,OLSON,2006-04-23,Girl,White,ESTELA,BUSCH,2643 Trouser Leg Road,Oopstown,ST,1103.0,271
272,Kaydence,COUGHLIN,2002-06-09,Girl,White,ROSALYN,SCHNEIDER,2835 Eastland Avenue,Oopstown,ST,39201.0,272
273,Sara,CURRAN,2007-06-21,Girl,White,ELMA,CURRAN,3146 Pallet Street,Oopstown,ST,10606.0,273
274,Lochlan,PATEL,2003-08-21,Boy,AAPI,ANASTASIA,PATEL,388 Whitetail Lane,Oopstown,ST,75253.0,274
275,Thiago,LARSON,2000-06-18,Boy,White,BERNADINE,LARSON,933 Ash Street,Oopstown,ST,75287.0,275
276,Colton,NEWCOMB,2010-07-30,Boy,White,LADONNA,GOLDBERG,3529 Half and Half Drive,Oopstown,ST,93210.0,276
277,Alice,BOLLINGER,2005-06-22,Girl,White,DUANE,BOLLINGER,4729 Johnson Street,Oopstown,ST,27529.0,277
278,Angelica,JENSEN,2002-12-06,Girl,White,LARA,JENSEN,1576 Conifer Drive,Oopstown,ST,98161.0,278
279,Aviana,DARDEN,2002-03-17,Girl,Black,EVE,DARDEN,38 Elk City Road,Oopstown,ST,46204.0,279
280,Zainab,WILLIAMS,2000-08-19,Girl,Black,MADGE,MOORER,3317 Poplar Chase Lane,Oopstown,ST,83702.0,280
281,Monroe,WILLIAMS,2007-12-10,Girl,Black,JEANIE,CHARLES,2985 Kimberly Way,Oopstown,ST,49503.0,281
282,Sophie,RUSSO,2003-08-01,Girl,White,CONSUELO,RUSSO,4312 Coventry Court,Oopstown,ST,39531.0,282
283,Joaquin,GARBER,2009-06-17,Boy,White,MARC,GARBER,3433 Hall Valley Drive,Oopstown,ST,25701.0,283
284,Elaine,JUAREZ,1998-09-14,Girl,Hispanic,JOCELYN,JUAREZ,3529 Twin Willow Lane,Oopstown,ST,28540.0,284
285,Nolan,ROSENBERG,2005-04-15,Boy,White,MORGAN,ROSENBERG,4095 Stroop Hill Road,Oopstown,ST,30303.0,285
286,Lillianna,WILLIAM,1999-01-07,Girl,Black,RAE,WILLIAM,729 Havanna Street,Oopstown,ST,27573.0,286
287,Audrey,SNYDER,2001-08-07,Girl,White,SHANE,SNYDER,1487 Lucy Lane,Oopstown,ST,47274.0,287
288,Addison,SCHNEIDER,2005-07-10,Girl,White,BRETT,SAUER,544 Hill Haven Drive,Oopstown,ST,98499.0,288
289,Leona,RAMIREZ,2008-11-17,Girl,Hispanic,DENA,RAMIREZ,891 Fulton Street,Oopstown,ST,26030.0,289
290,Fisher,FRIERSON-WOODSON,2009-04-05,Boy,Black,ALTHEA,FRIERSON-WOODSON,985 Sun Valley Road,Oopstown,ST,99201.0,290
291,Kai,OLSEN,2001-06-29,Boy,White,AILEEN,OLSEN,1915 Carson Street,Oopstown,ST,40403.0,291
292,Victoria,BURGER,2002-10-24,Girl,White,WESLEY,BURGER,843 Sherwood Circle,Oopstown,ST,27410.0,292
293,Yusuf,RAMIREZ,2004-01-28,Boy,Hispanic,ELNORA,RAMIREZ,3221 Grove Street,Oopstown,ST,10013.0,293
294,Noah,HANSEN,2000-12-17,Boy,White,ABBY,HANSEN,4860 Finwood Road,Oopstown,ST,7042.0,294
295,Terrell,ROBINSON,2005-01-28,Boy,Black,ZELMA,ROBINSON,2748 Adamsville Road,Oopstown,ST,78501.0,295
296,Lyric,MUHAMMAD,1998-12-24,Boy,Black,TESSA,MUHAMMAD,4555 College Street,Oopstown,ST,30338.0,296
297,Harper,SCHMITZ,2001-10-21,Girl,White,ESPERANZA,DAIGLE,3809 Broadcast Drive,Oopstown,ST,20166.0,297
298,Malachi,RUSSO,2000-03-13,Boy,White,NOLA,RUSSO,377 Brannon Street,Oopstown,ST,90017.0,298
299,Yusuf,SAGASTUME,1998-07-24,Boy,Hispanic,MARITZA,ESCAMILLA,4728 Murry Street,Oopstown,ST,23505.0,299
300,Reagan,KOEHLER-LEHMAN,2009-06-15,Girl,White,LESLEY,SCHAEFER,4426 University Drive,Oopstown,ST,60654.0,300
301,Kennedy,CHRISTENSEN,2008-11-24,Girl,White,MIA,BARNHART,1956 Musgrave Street,Oopstown,ST,73075.0,301
302,Gavin,FRIEDMAN-ENGEL,2001-01-12,Boy,White,VALARIE,KOCH,2583 McVaney Road,Oopstown,ST,28601.0,302
303,Mason,BAUMAN,2003-07-17,Boy,White,CONSUELO,BAUMAN,1319 Calico Drive,Oopstown,ST,99114.0,303
304,Kylie,YEAGER,2006-09-20,Girl,White,DEAN,YEAGER,2229 Whitetail Lane,Oopstown,ST,75240.0,304
305,Channing,CASTELLANOS,2000-09-10,Boy,Hispanic,DERRICK,CASTELLANOS,4544 Honeysuckle Lane,Oopstown,ST,98161.0,305
306,Nathan,JENSEN,1999-07-31,Boy,White,NELL,REILLY,4482 Young Road,Oopstown,ST,83702.0,306
307,Olivia,MAIER,2010-09-04,Girl,White,CONSUELO,CRAMER,1837 Flanigan Oaks Drive,Oopstown,ST,20892.0,307
308,Alaya,WILLIAMS,2007-07-23,Girl,Black,LILIANA,WASHINGTON,1639 Smith Street,Oopstown,ST,1606.0,308
309,Reuben,WASHINGTON,2003-07-23,Boy,Black,JESSIE,WASHINGTON,2429 Locust Court,Oopstown,ST,90670.0,309
310,Aryana,HERNANDEZ,2010-09-17,Girl,Hispanic,BEATRIZ,ZERMENO,4839 South Street,Oopstown,ST,22903.0,310
311,Ella,SCHUBERT,2006-05-12,Girl,White,LETHA,SCHUBERT,142 Garfield Road,Oopstown,ST,61607.0,311
312,Christian,BARNHART,2003-05-15,Boy,White,JIMMIE,BARNHART,4280 Fincham Road,Oopstown,ST,91752.0,312
313,Oliver,LEHMAN,2005-11-24,Boy,White,BEN,MEYER,1344 Spring Haven Trail,Oopstown,ST,7042.0,313
314,Connor,WEINSTEIN,2003-04-15,Boy,White,SHEENA,ALLRED,3956 Meadow View Drive,Oopstown,ST,6492.0,314
315,Priscilla,WOLF,1999-07-12,Girl,White,DUSTIN,WOLF,1749 Pooh Bear Lane,Oopstown,ST,29848.0,315
316,Abigail,FREY,2010-05-23,Girl,White,GRACIELA,FREY,3786 Southern Avenue,Oopstown,ST,63366.0,316
317,Natalia,MCNALLY,2010-12-18,Girl,White,FAY,MCNALLY,3317 Poplar Chase Lane,Oopstown,ST,83702.0,317
318,Jericho,KANG,1999-10-30,Boy,AAPI,MARIETTA,KANG,4007 Ross Street,Oopstown,ST,62863.0,318
319,Esme,WILLIAMS,2001-05-17,Girl,Black,JAVIER,WILLIAMS,2565 Dola Mine Road,Oopstown,ST,27549.0,319
320,Truman,LUONG,2002-10-14,Boy,AAPI,DEIRDRE,MOUA,4872 Martha Ellen Drive,Oopstown,ST,89509.0,320
321,Elsa,SCHWARTZ,2010-08-05,Girl,White,LACEY,SCHWARTZ,1690 Kelly Street,Oopstown,ST,28073.0,321
322,Amir,ALBRECHT,2005-12-06,Boy,White,GABRIELA,CAHILL,4229 Flinderation Road,Oopstown,ST,60605.0,322
323,Jeremy,SKAGGS-MOSER,2002-06-12,Boy,White,MAVIS,SKAGGS-MOSER,1094 College Street,Oopstown,ST,30030.0,323
324,Abrielle,YU,2010-12-14,Girl,AAPI,HALLIE,YU,4007 Ross Street,Oopstown,ST,62863.0,324
325,Joseph,DONOVAN,2007-04-18,Boy,White,MILTON,DONOVAN,930 Sycamore Road,Oopstown,ST,97702.0,325
326,Amelia,KESSLER-OLSON,1998-04-10,Girl,White,NATHANIEL,KESSLER-OLSON,1661 Illinois Avenue,Oopstown,ST,97019.0,326
327,Tristen,SHOOK,2009-12-31,Boy,White,DEE,SHOOK,3049 Radford Street,Oopstown,ST,40202.0,327
328,Lindsay,SIFUENTES,2009-04-15,Girl,Hispanic,ARNOLD,SIFUENTES,1940 Angie Drive,Oopstown,ST,91505.0,328
329,Daniel,LANGE,2007-06-07,Boy,White,JONI,LANGE,3607 Sherman Street,Oopstown,ST,68345.0,329
330,Brooke,SNYDER-CRABTREE,2000-07-31,Girl,White,ROSALIND,KRUEGER,2575 Pursglove Court,Oopstown,ST,45429.0,330
331,Gerald,GATLING,2004-02-25,Boy,Black,AVA,GATLING,1370 Kovar Road,Oopstown,ST,2053.0,331
332,Albert,LUDWIG-CLINE,2001-05-14,Boy,White,WILLA,LUDWIG-CLINE,153 Beechwood Drive,Oopstown,ST,15205.0,332
333,Angel,BRAUN,2007-10-12,Boy,White,CECILE,BRAUN,4209 Viking Drive,Oopstown,ST,45732.0,333
334,Jordyn,HOFFMAN,2003-05-08,Girl,White,NELL,SHEETS,1303 Cardinal Lane,Oopstown,ST,62301.0,334
335,Winston,WELLER,2007-07-18,Boy,White,LARA,WELLER,2902 Swick Hill Street,Oopstown,ST,77853.0,335
336,Logan,NIELSEN,2010-02-07,Boy,White,GLENNA,NIELSEN,1231 Union Street,Oopstown,ST,98109.0,336
337,Myra,TAPIA,2004-07-04,Girl,Hispanic,BETTYE,TAPIA,3609 Old House Drive,Oopstown,ST,45619.0,337
338,Sean,RASMUSSEN-BECKER,2007-11-23,Boy,White,RHODA,RASMUSSEN-BECKER,4140 Ashmor Drive,Oopstown,ST,56482.0,338
339,Jack,OCONNOR,2001-03-13,Boy,White,COREY,OCONNOR,3172 August Lane,Oopstown,ST,71251.0,339
340,Ashley,WOLF,1999-10-11,Girl,White,CLEO,WOLF,3501 Hardman Road,Oopstown,ST,3768.0,340
341,Charlie,OMALLEY,2006-01-28,Boy,White,LEA,LANGE,1786 Hampton Meadows,Oopstown,ST,1742.0,341
342,Azariah,BAPTISTE,1999-06-30,Boy,Black,JAIME,BAPTISTE,1 Green Hill Road,Oopstown,ST,72703.0,342
343,Caroline,LARSEN,2006-03-15,Girl,White,DEBORA,LARSEN,1927 Breezewood Court,Oopstown,ST,67118.0,343
344,Jocelyn,MCDONNELL,2009-01-24,Girl,White,SAM,MCDONNELL,3129 Alpaca Way,Oopstown,ST,92686.0,344
345,Hunter,BOUCHARD,2009-12-11,Boy,White,KERI,BOUCHARD,665 Cinnamon Lane,Oopstown,ST,78205.0,345
346,Diamond,WILLIAMS,2006-11-26,Girl,Black,MILAGROS,LAMPKIN,520 Robinson Lane,Oopstown,ST,43302.0,346
347,Mckenna,EPSTEIN,2009-02-11,Girl,White,DOLLY,EPSTEIN,4022 Green Avenue,Oopstown,ST,94545.0,347
348,Gage,MEYER,2008-10-09,Boy,White,COREY,MEYER,582 Cottrill Lane,Oopstown,ST,63109.0,348
349,Raina,VANG,2003-03-31,Girl,AAPI,KATHERYN,VANG,2430 Rollins Road,Oopstown,ST,68801.0,349
350,Gauge,JACKSON,2006-06-19,Boy,Black,NITA,JACKSON,4037 Kincheloe Road,Oopstown,ST,97383.0,350
351,Logan,MAIER,2000-08-23,Boy,White,LEA,KAISER,4823 Hawks Nest Lane,Oopstown,ST,63101.0,351
352,Annalee,LAROCQUE,2010-04-19,Girl,Native,HALLIE,LAROCQUE,1823 Joanne Lane,Oopstown,ST,1824.0,352
353,Valerie,PELLETIER,2000-07-03,Girl,White,ANGEL,PELLETIER,4313 Broadcast Drive,Oopstown,ST,22021.0,353
354,Cora,SCHNEIDER,1999-11-12,Girl,White,NATHANIEL,SCHNEIDER,4327 Carter Street,Oopstown,ST,62434.0,354
355,Roland,ESPARZA,2001-11-07,Boy,Hispanic,ELMA,ESPARZA,4229 Flinderation Road,Oopstown,ST,60605.0,355
356,Aliza,CANTY,2009-01-19,Girl,Black,ALLAN,CANTY,1499 Kildeer Drive,Oopstown,ST,23502.0,356
357,Olivia,GALLAGHER,2003-11-03,Girl,White,BRENT,VOSS,1757 Rodney Street,Oopstown,ST,63011.0,357
358,Eugene,WITHERSPOON,2003-04-16,Boy,Black,BRIANNA,WITHERSPOON,4402 Green Gate Lane,Oopstown,ST,21202.0,358
359,Brooke,KAPLAN,2008-11-06,Girl,White,URSULA,KAPLAN,1292 Cityview Drive,Oopstown,ST,18101.0,359
360,Jackson,SCHULTZ,2007-06-02,Boy,White,LESTER,SCHULTZ,1771 Callison Lane,Oopstown,ST,19108.0,360
361,Jackson,HANSEN,1998-07-14,Boy,White,LORNA,GREENBERG,3920 Penn Street,Oopstown,ST,65473.0,361
362,Carl,BARAJAS,1999-05-02,Boy,Hispanic,CLARICE,OCHOA,1504 Waldeck Street,Oopstown,ST,76133.0,362
363,Elisa,BAUER,2004-09-06,Girl,White,DOROTHEA,BAUER,2351 Rainbow Drive,Oopstown,ST,44406.0,363
364,Londyn,BURKHART,2006-04-06,Girl,White,LILLY,PELLETIER,1395 Marshall Street,Oopstown,ST,20707.0,364
365,Dylan,SCHMIDT,2000-03-22,Boy,White,JILLIAN,SCHMIDT,4822 Maxwell Farm Road,Oopstown,ST,22801.0,365
366,Harley,MARISCAL,2000-01-23,Boy,Hispanic,CECIL,MARISCAL,4951 Emma Street,Oopstown,ST,79029.0,366
367,Randall,WILLIAMS-BATTS,2005-09-02,Boy,Black,DARREN,WILLIAMS-BATTS,3138 Adonais Way,Oopstown,ST,30303.0,367
368,Hadley,HOFFMAN,2001-07-04,Girl,White,SHAUNA,HOFFMAN,3063 Heritage Road,Oopstown,ST,93711.0,368
369,Jamison,HESS,1999-10-04,Boy,White,SOCORRO,HESS,4069 Lynch Street,Oopstown,ST,54115.0,369
370,Evelyn,WOLF,1999-11-06,Girl,White,GEORGINA,WOLF,4592 Barrington Court,Oopstown,ST,72560.0,370
371,Xavier,MONAHAN,2007-09-10,Boy,White,KIRSTEN,CLEVENGER,3797 Morgan Street,Oopstown,ST,32507.0,371
372,Mara,MEJIA,2007-09-17,Girl,Hispanic,LESLIE,MEJIA,4247 Saints Alley,Oopstown,ST,33564.0,372
373,Mariah,CONNOLLY,2003-03-22,Girl,White,AILEEN,HECK,1197 Austin Avenue,Oopstown,ST,31520.0,373
374,Lilyanna,ROBINSON,2004-04-10,Girl,Black,SASHA,ROBINSON,137 Saint Francis Way,Oopstown,ST,53142.0,374
375,Andrea,ROTH,2006-11-29,Girl,White,IMOGENE,ROTH,2650 Jadewood Drive,Oopstown,ST,60089.0,375
376,Brecken,PIERRE,2007-11-06,Boy,Black,ALISSA,PIERRE,1329 Lynch Street,Oopstown,ST,53202.0,376
377,Albert,DOHERTY,1999-04-11,Boy,White,BRETT,DOHERTY,4074 August Lane,Oopstown,ST,71101.0,377
378,Benjamin,KERN,2002-09-24,Boy,White,RAFAEL,KERN,502 Geraldine Lane,Oopstown,ST,10022.0,378
379,James,SNYDER,2000-03-08,Boy,White,CLYDE,SNYDER,1786 Mulberry Avenue,Oopstown,ST,72039.0,379
380,Julian,WENDT,2007-08-11,Boy,White,ANGELIA,WENDT,3768 Small Street,Oopstown,ST,10022.0,380
381,Baylor,TANG,2000-12-31,Boy,AAPI,KIRK,TANG,140 County Line Road,Oopstown,ST,33634.0,381
382,Charlotte,COFFMAN,1998-04-07,Girl,White,RON,BERG,2390 Luke Lane,Oopstown,ST,73401.0,382
383,Anabel,BLUE,2009-07-26,Girl,Black,TOMMIE,BLUE,661 Beechwood Drive,Oopstown,ST,15222.0,383
384,Keira,FRIEDMAN,2009-07-22,Girl,White,FRANKIE,FRIEDMAN,489 Gladwell Street,Oopstown,ST,75601.0,384
385,Valentina,KAMINSKI,2001-10-12,Girl,White,LUPE,KAMINSKI,1339 Turkey Pen Lane,Oopstown,ST,36104.0,385
386,Natalie,DECKER,1998-04-18,Girl,White,LUCILE,DECKER,4058 Nutters Barn Lane,Oopstown,ST,50266.0,386
387,Jeremiah,KRAMER,2006-07-09,Boy,White,ERICKA,KRAMER,1695 Morningview Lane,Oopstown,ST,50438.0,387
388,Mira,ZELAYA,1999-02-14,Girl,Hispanic,MAGDALENA,HERNANDEZ,1695 Fincham Road,Oopstown,ST,92262.0,388
389,Channing,HUIZAR,2006-07-31,Boy,Hispanic,TIM,HUIZAR,759 Fort Street,Oopstown,ST,28562.0,389
390,Xzavier,RAMIREZ,2004-10-02,Boy,Hispanic,PETRA,RAMIREZ,2854 Orphan Road,Oopstown,ST,54701.0,390
391,Dorothy,HUIZAR,2008-06-20,Girl,Hispanic,BARBRA,HERNANDEZ,2333 Hartway Street,Oopstown,ST,57248.0,391
392,Daniel,KOENIG,1999-05-09,Boy,White,DERRICK,LEAVITT,4525 Fulton Street,Oopstown,ST,26062.0,392
393,Jayden,FRANTZ,2010-10-12,Boy,White,LORIE,SCHULTZ,1793 Walton Street,Oopstown,ST,84104.0,393
394,Will,BANKS,2004-04-11,Boy,Black,LORAINE,BANKS,4872 Martha Ellen Drive,Oopstown,ST,89509.0,394
395,Marina,CARDENAS,2004-08-07,Girl,Hispanic,GRACIELA,AMAYA,674 Willison Street,Oopstown,ST,55121.0,395
396,Zion,LUONG,2007-11-23,Girl,AAPI,ANNMARIE,LUONG,4130 Sarah Drive,Oopstown,ST,70629.0,396
397,Harlow,CHRISTIANSEN,2010-12-13,Girl,White,ELNORA,CHRISTIANSEN,4049 Calvin Street,Oopstown,ST,21601.0,397
398,Urijah,WILLIAMS,2010-02-23,Boy,Black,SAUNDRA,WILLIAMS,979 Lamberts Branch Road,Oopstown,ST,33143.0,398
399,Broderick,HUYNH,2010-06-27,Boy,AAPI,MADELEINE,SHIN,1006 Coal Road,Oopstown,ST,18641.0,399
400,Genevieve,KEATING,2008-01-09,Girl,White,DEE,KEATING,3078 Colony Street,Oopstown,ST,6430.0,400
401,Edith,LEMUS,2002-10-22,Girl,Hispanic,DOROTHEA,ROJAS,4257 Oakway Lane,Oopstown,ST,91335.0,401
402,Javion,WILLIAMS,2004-07-06,Boy,Black,KARINA,CELESTIN,191 Blue Spruce Lane,Oopstown,ST,21207.0,402
403,Alma,HERNANDEZ,2008-09-14,Girl,Hispanic,JAYNE,HERNANDEZ,2805 Arbor Court,Oopstown,ST,82633.0,403
404,Elyse,AYALA,1999-11-21,Girl,Hispanic,JILLIAN,AYALA,4500 Wayside Lane,Oopstown,ST,94597.0,404
405,Christina,PAPPAS-MAYER,2000-09-20,Girl,White,MILLIE,KERN,4555 College Street,Oopstown,ST,30338.0,405
406,Landry,ALSTON-ROBINSON,1998-01-25,Boy,Black,MADELYN,BOOKER,58 Rainbow Road,Oopstown,ST,91801.0,406
407,Angeline,JACKSON,2000-09-27,Girl,Black,NEIL,JACKSON,4306 Better Street,Oopstown,ST,66101.0,407
408,Daniela,ADCOCK,2010-02-20,Girl,White,STACI,RIZZO,336 Rafe Lane,Oopstown,ST,38725.0,408
409,Yusuf,CIFUENTES,1999-01-04,Boy,Hispanic,RACHELLE,CIFUENTES,1997 Terra Cotta Street,Oopstown,ST,56452.0,409
410,Jolie,COLEMAN,2006-10-25,Girl,Black,PENELOPE,DORTCH,827 Red Maple Drive,Oopstown,ST,91766.0,410
411,Emily,GRIMM,1999-02-02,Girl,White,DEBORA,GRIMM,4717 Khale Street,Oopstown,ST,29488.0,411
412,Jasiah,ROJAS,2003-04-06,Boy,Hispanic,SUSANA,ROJAS,2537 Corbin Branch Road,Oopstown,ST,37663.0,412
413,Emma,CRAMER,2006-08-17,Girl,White,JORGE,ADLER,2536 Murry Street,Oopstown,ST,23323.0,413
414,Samuel,METZGER,2002-07-13,Boy,White,DENA,REGAN,3754 Ford Street,Oopstown,ST,95050.0,414
415,Noah,SCHWARTZ,2004-11-02,Boy,White,PAIGE,SCHWARTZ,1796 Oak Street,Oopstown,ST,13697.0,415
416,Zane,NAGEL,1998-06-02,Boy,White,LEANNE,OLEARY,1829 Ethels Lane,Oopstown,ST,33825.0,416
417,Brooklyn,ERICKSON,1999-01-28,Girl,White,GEORGINA,ERICKSON,2833 Tree Frog Lane,Oopstown,ST,64106.0,417
418,Jasiah,CAMARENA,2005-12-17,Boy,Hispanic,SIMONE,CAMARENA,2037 Dye Street,Oopstown,ST,85016.0,418
419,Gordon,VU,2010-09-06,Boy,AAPI,MARSHALL,VU,1623 Luke Lane,Oopstown,ST,74701.0,419
420,Kamden,LARSEN,2005-09-08,Boy,White,GABRIELA,DELONG,2442 Emeral Dreams Drive,Oopstown,ST,60005.0,-2
421,Sherlyn,COLEMAN,1998-04-12,Girl,Black,COLETTE,COLEMAN,1014 Bird Spring Lane,Oopstown,ST,77580.0,-2
422,Bridger,BUFFALO,2005-01-01,Boy,Native,MARYELLEN,DUPRIS,1046 Better Street,Oopstown,ST,66210.0,-2
423,Leah,OBRIEN-LANGE,2005-05-14,Girl,White,LIZZIE,SCHAEFER,4258 Woodrow Way,Oopstown,ST,77056.0,-2
424,Lucian,ESPARZA,2006-03-30,Boy,Hispanic,LUCILE,ESPARZA,4863 Elk City Road,Oopstown,ST,71101.0,-2
425,Alexa,CONROY,2001-06-23,Girl,White,CLARICE,ROSEN,3732 Hannah Street,Oopstown,ST,28655.0,-2
426,Jonah,DEATON,2000-10-22,Boy,White,JIMMIE,GRAF,4726 Windy Ridge Road,Oopstown,ST,46765.0,-2
427,Anaya,ROOT,2004-02-12,Girl,White,CHANDRA,CAUDILL,3047 Saints Alley,Oopstown,ST,33868.0,-2
428,Bella,HANSEN,2008-07-12,Girl,White,GRACIELA,HANSEN,1270 McDonald Avenue,Oopstown,ST,32803.0,-2
429,Alfred,HAIRSTON,2003-05-10,Boy,Black,JIMMIE,DORSEY,4163 Main Street,Oopstown,ST,98052.0,-2
430,Alan,WESTFALL,2004-11-14,Boy,White,CLARICE,WESTFALL,3084 Straford Park,Oopstown,ST,40741.0,-2
431,Giancarlo,CHARLES,2005-02-21,Boy,Black,EVANGELINE,CHARLES,2333 Snyder Avenue,Oopstown,ST,28263.0,-2
432,Alondra,WEISS,2002-06-29,Girl,White,HARVEY,QUIGLEY,4788 Holly Street,Oopstown,ST,30161.0,-2
433,Tamia,ZHOU,2003-11-15,Girl,AAPI,ISAAC,ZHOU,3436 Diamond Cove,Oopstown,ST,2812.0,-2
434,Isabella,FERRARA,2009-02-26,Girl,White,BIANCA,FERRARA,4130 Sarah Drive,Oopstown,ST,70629.0,-2
435,Beau,BECKER,2010-07-01,Boy,White,ALISA,BECKER,324 Franklin Avenue,Oopstown,ST,78401.0,-2
436,Sharlotfte,DONOVAN,1998-03-14,Girl,White,PAIGE,DONOVAN,1819 Smith Road,Oopstown,ST,30253.0,-2
437,Emilafe,HERNANDES,2002-02-09,Girl,Hispanic,MAYRA,ARMENDARIZ,2839 Wiseman Street,Oopstown,ST,37748.0,-2
438,Joosephfyne,GENTILE,1998-10-14,Girl,White,RON,BLANK,1716 Poplar Lane,Oopstown,ST,33178.0,-2
439,Zioeys,SCHNEIDER,2003-08-07,Girl,White,DEANA,SCHNEIDER,719 Raintree Boulevard,Oopstown,ST,55415.0,-2
440,Meagthew,OLSON,2004-02-19,Boy,White,ELMA,KLEIN,885 Eagle Lane,Oopstown,ST,58203.0,-2
441,Riiker,NOVAK,2005-01-21,Boy,White,ESPERANZA,NOVAK,3916 Woodhill Avenue,Oopstown,ST,21111.0,-2
442,Eddisobn,HERNANDEZ,2010-01-09,Boy,Hispanic,SAM,HERNANDEZ,2936 Chipmunk Lane,Oopstown,ST,4101.0,-2
443,Leimna,MACDONALD,2005-05-19,Girl,White,DENA,MACDONALD,3010 Agriculture Lane,Oopstown,ST,25301.0,-2
444,Adrien,WIOLIAM'S,2008-05-26,Boy,Black,AMIE,JACKSON,2868 Summit Park Avenue,Oopstown,ST,48075.0,-2
445,Charles,FOOCJHS,2003-03-02,Boy,White,SHANA,SWENSON,4958 Charack Road,Oopstown,ST,47408.0,-2
446,Piper,SORENESSEN,1999-02-21,Girl,White,TONIA,SORENSEN,2917 Renwick Drive,Oopstown,ST,19103.0,-2
447,Temperance,MMYLTOB,2007-09-21,Girl,Black,JARED,MCKOY,171 Giraffe Hill Drive,Oopstown,ST,75287.0,-2
448,Mia,BIEJKMAN,2004-07-27,Girl,White,LEWIS,BECKMAN,17 Zimmerman Lane,Oopstown,ST,90026.0,-2
449,Douglas,IBOLRA,2006-02-06,Boy,Hispanic,RUBEN,IBARRA,3529 Half and Half Drive,Oopstown,ST,93210.0,-2
450,Samson,ARRIAGA,2002-05-17,Boy,Hispanic,PATRICA,ARRIAGA,3962 Elk Creek Road,Oopstown,ST,30136.0,-1
451,Emory,PLASCENCIA,2010-05-14,Girl,Hispanic,SHANNA,PLASCENCIA,3589 Oakwood Circle,Oopstown,ST,92672.0,-1
452,Kaylee,WEBER,2000-05-21,Girl,White,LATONYA,WEBER,1915 Carson Street,Oopstown,ST,40403.0,-1
453,Isla,FRIEDMAN,2004-07-18,Girl,White,SHANE,SCHMITT,3628 Walton Street,Oopstown,ST,84606.0,-1
454,Penny,ALSTON,1999-09-18,Girl,Black,BRIANNA,ALSTON,1813 Bryan Avenue,Oopstown,ST,55415.0,-1
455,Jesus,BRANDT,2000-04-21,Boy,White,LEWIS,GAGNON,696 Church Street,Oopstown,ST,11357.0,-1
456,Elliot,JACKSON,1999-04-17,Girl,Black,LESSIE,TOOMER,4919 Roosevelt Road,Oopstown,ST,67062.0,-1
457,Kathryn,HANSEN,1998-01-09,Girl,White,AILEEN,COTE,411 Park Avenue,Oopstown,ST,95814.0,-1
458,Kendall,METZGER,1999-04-26,Girl,White,JAYNE,FREY,3854 Lodgeville Road,Oopstown,ST,55423.0,-1
459,Emmaline,WILLIAMS,2010-12-04,Girl,Black,LORAINE,WILLIAMS,1673 Glen Falls Road,Oopstown,ST,19090.0,-1
